-- MySQL Script generated by MySQL Workbench
<<<<<<< HEAD
<<<<<<< HEAD
-- Sun Nov 18 23:59:08 2018
=======
-- Mon Nov 19 00:26:56 2018
>>>>>>> Add teacher views
=======
-- Mon Nov 19 00:40:26 2018
>>>>>>> Teste insertion the views
-- Model: New Model    Version: 1.0
-- MySQL Workbench Forward Engineering

SET @OLD_UNIQUE_CHECKS=@@UNIQUE_CHECKS, UNIQUE_CHECKS=0;
SET @OLD_FOREIGN_KEY_CHECKS=@@FOREIGN_KEY_CHECKS, FOREIGN_KEY_CHECKS=0;
SET @OLD_SQL_MODE=@@SQL_MODE, SQL_MODE='ONLY_FULL_GROUP_BY,STRICT_TRANS_TABLES,NO_ZERO_IN_DATE,NO_ZERO_DATE,ERROR_FOR_DIVISION_BY_ZERO,NO_ENGINE_SUBSTITUTION';

-- -----------------------------------------------------
-- Schema equipe385145
-- -----------------------------------------------------

-- -----------------------------------------------------
-- Schema equipe385145
-- -----------------------------------------------------
CREATE SCHEMA IF NOT EXISTS `equipe385145` DEFAULT CHARACTER SET utf8 ;
SHOW WARNINGS;
USE `equipe385145` ;

-- -----------------------------------------------------
-- Table `autor`
-- -----------------------------------------------------
DROP TABLE IF EXISTS `autor` ;

SHOW WARNINGS;
CREATE TABLE IF NOT EXISTS `autor` (
  `cpf` CHAR(11) NOT NULL,
  `nome` VARCHAR(60) NOT NULL,
  `nacionalidade` VARCHAR(45) NOT NULL,
  PRIMARY KEY (`cpf`))
ENGINE = InnoDB;

SHOW WARNINGS;

-- -----------------------------------------------------
-- Table `usuario`
-- -----------------------------------------------------
DROP TABLE IF EXISTS `usuario` ;

SHOW WARNINGS;
CREATE TABLE IF NOT EXISTS `usuario` (
  `matricula` INT NOT NULL,
  `nickname` VARCHAR(45) BINARY NULL,
  `senha_hash` CHAR(64) NOT NULL,
  `nome` VARCHAR(100) NOT NULL,
  `endereco` VARCHAR(100) NOT NULL,
  `tipo` ENUM('aluno', 'professor', 'funcionario') NOT NULL,
  `permissao` ENUM('administrador', 'bibliotecario', 'usuario') NOT NULL,
  PRIMARY KEY (`matricula`))
ENGINE = InnoDB;

SHOW WARNINGS;
CREATE UNIQUE INDEX `nickname_UNIQUE` ON `usuario` (`nickname` ASC) VISIBLE;

SHOW WARNINGS;

-- -----------------------------------------------------
-- Table `curso`
-- -----------------------------------------------------
DROP TABLE IF EXISTS `curso` ;

SHOW WARNINGS;
CREATE TABLE IF NOT EXISTS `curso` (
  `cod_curso` INT NOT NULL,
  `nome_curso` VARCHAR(45) NOT NULL,
  PRIMARY KEY (`cod_curso`))
ENGINE = InnoDB;

SHOW WARNINGS;

-- -----------------------------------------------------
-- Table `aluno`
-- -----------------------------------------------------
DROP TABLE IF EXISTS `aluno` ;

SHOW WARNINGS;
CREATE TABLE IF NOT EXISTS `aluno` (
  `matricula` INT NOT NULL,
  `data_de_conclusao_prevista` DATE NOT NULL,
  `data_de_ingresso` DATE NOT NULL,
  `cod_curso` INT NOT NULL,
  PRIMARY KEY (`matricula`),
  CONSTRAINT `fk_aluno_usuario`
    FOREIGN KEY (`matricula`)
    REFERENCES `usuario` (`matricula`)
    ON DELETE CASCADE
    ON UPDATE CASCADE,
  CONSTRAINT `fk_aluno_curso1`
    FOREIGN KEY (`cod_curso`)
    REFERENCES `curso` (`cod_curso`)
    ON DELETE NO ACTION
    ON UPDATE CASCADE)
ENGINE = InnoDB;

SHOW WARNINGS;
CREATE INDEX `fk_aluno_usuario_idx` ON `aluno` (`matricula` ASC) VISIBLE;

SHOW WARNINGS;
CREATE INDEX `fk_aluno_curso1_idx` ON `aluno` (`cod_curso` ASC) VISIBLE;

SHOW WARNINGS;

-- -----------------------------------------------------
-- Table `professor`
-- -----------------------------------------------------
DROP TABLE IF EXISTS `professor` ;

SHOW WARNINGS;
CREATE TABLE IF NOT EXISTS `professor` (
  `mat_siape` INT NOT NULL,
  `data_de_contratacao` DATE NOT NULL,
  `regime_trabalho` ENUM('20H', '40H', 'DE') NOT NULL,
  `cod_curso` INT NOT NULL,
  PRIMARY KEY (`mat_siape`),
  CONSTRAINT `fk_professor_usuario1`
    FOREIGN KEY (`mat_siape`)
    REFERENCES `usuario` (`matricula`)
    ON DELETE CASCADE
    ON UPDATE CASCADE,
  CONSTRAINT `fk_professor_curso1`
    FOREIGN KEY (`cod_curso`)
    REFERENCES `curso` (`cod_curso`)
    ON DELETE NO ACTION
    ON UPDATE CASCADE)
ENGINE = InnoDB;

SHOW WARNINGS;
CREATE INDEX `fk_professor_usuario1_idx` ON `professor` (`mat_siape` ASC) VISIBLE;

SHOW WARNINGS;
CREATE INDEX `fk_professor_curso1_idx` ON `professor` (`cod_curso` ASC) VISIBLE;

SHOW WARNINGS;

-- -----------------------------------------------------
-- Table `funcionario`
-- -----------------------------------------------------
DROP TABLE IF EXISTS `funcionario` ;

SHOW WARNINGS;
CREATE TABLE IF NOT EXISTS `funcionario` (
  `matricula` INT NOT NULL,
  PRIMARY KEY (`matricula`),
  CONSTRAINT `fk_funcionario_usuario1`
    FOREIGN KEY (`matricula`)
    REFERENCES `usuario` (`matricula`)
    ON DELETE CASCADE
    ON UPDATE CASCADE)
ENGINE = InnoDB;

SHOW WARNINGS;
CREATE INDEX `fk_funcionario_usuario1_idx` ON `funcionario` (`matricula` ASC) VISIBLE;

SHOW WARNINGS;

-- -----------------------------------------------------
-- Table `telefones`
-- -----------------------------------------------------
DROP TABLE IF EXISTS `telefones` ;

SHOW WARNINGS;
CREATE TABLE IF NOT EXISTS `telefones` (
  `matricula` INT NOT NULL,
  `numero` CHAR(11) NOT NULL,
  PRIMARY KEY (`matricula`, `numero`),
  CONSTRAINT `fk_telefones_usuario1`
    FOREIGN KEY (`matricula`)
    REFERENCES `usuario` (`matricula`)
    ON DELETE CASCADE
    ON UPDATE CASCADE)
ENGINE = InnoDB;

SHOW WARNINGS;

-- -----------------------------------------------------
-- Table `categoria`
-- -----------------------------------------------------
DROP TABLE IF EXISTS `categoria` ;

SHOW WARNINGS;
CREATE TABLE IF NOT EXISTS `categoria` (
  `cod_categoria` INT NOT NULL,
  `descricao` VARCHAR(45) NOT NULL,
  PRIMARY KEY (`cod_categoria`))
ENGINE = InnoDB;

SHOW WARNINGS;

-- -----------------------------------------------------
-- Table `livro`
-- -----------------------------------------------------
DROP TABLE IF EXISTS `livro` ;

SHOW WARNINGS;
CREATE TABLE IF NOT EXISTS `livro` (
  `isbn` CHAR(13) NOT NULL,
  `titulo` VARCHAR(100) NOT NULL,
  `ano` INT NOT NULL,
  `editora` VARCHAR(45) NOT NULL,
  `qt_copias` INT NOT NULL,
  `cod_categoria` INT NOT NULL,
  PRIMARY KEY (`isbn`),
  CONSTRAINT `fk_livro_categoria1`
    FOREIGN KEY (`cod_categoria`)
    REFERENCES `categoria` (`cod_categoria`)
    ON DELETE NO ACTION
    ON UPDATE CASCADE)
ENGINE = InnoDB
PACK_KEYS = DEFAULT;

SHOW WARNINGS;
CREATE INDEX `fk_livro_categoria1_idx` ON `livro` (`cod_categoria` ASC) VISIBLE;

SHOW WARNINGS;

-- -----------------------------------------------------
-- Table `autor_livro`
-- -----------------------------------------------------
DROP TABLE IF EXISTS `autor_livro` ;

SHOW WARNINGS;
CREATE TABLE IF NOT EXISTS `autor_livro` (
  `autor_cpf` CHAR(11) NOT NULL,
  `livro_isbn` CHAR(13) NOT NULL,
  PRIMARY KEY (`autor_cpf`, `livro_isbn`),
  CONSTRAINT `fk_autor_has_livro_autor1`
    FOREIGN KEY (`autor_cpf`)
    REFERENCES `autor` (`cpf`)
    ON DELETE CASCADE
    ON UPDATE CASCADE,
  CONSTRAINT `fk_autor_has_livro_livro1`
    FOREIGN KEY (`livro_isbn`)
    REFERENCES `livro` (`isbn`)
    ON DELETE CASCADE
    ON UPDATE CASCADE)
ENGINE = InnoDB;

SHOW WARNINGS;
CREATE INDEX `fk_autor_has_livro_livro1_idx` ON `autor_livro` (`livro_isbn` ASC) VISIBLE;

SHOW WARNINGS;
CREATE INDEX `fk_autor_has_livro_autor1_idx` ON `autor_livro` (`autor_cpf` ASC) VISIBLE;

SHOW WARNINGS;

-- -----------------------------------------------------
-- Table `emprestimo`
-- -----------------------------------------------------
DROP TABLE IF EXISTS `emprestimo` ;

SHOW WARNINGS;
CREATE TABLE IF NOT EXISTS `emprestimo` (
  `matricula` INT NOT NULL,
  `isbn` CHAR(13) NOT NULL,
  `data_de_emprestimo` DATE NOT NULL,
  `data_de_devolucao` DATE NOT NULL,
  PRIMARY KEY (`matricula`, `isbn`),
  CONSTRAINT `fk_usuario_has_livro_usuario1`
    FOREIGN KEY (`matricula`)
    REFERENCES `usuario` (`matricula`)
    ON DELETE NO ACTION
    ON UPDATE NO ACTION,
  CONSTRAINT `fk_usuario_has_livro_livro1`
    FOREIGN KEY (`isbn`)
    REFERENCES `livro` (`isbn`)
    ON DELETE NO ACTION
    ON UPDATE CASCADE)
ENGINE = InnoDB;

SHOW WARNINGS;
CREATE INDEX `fk_usuario_has_livro_livro1_idx` ON `emprestimo` (`isbn` ASC) VISIBLE;

SHOW WARNINGS;
CREATE INDEX `fk_usuario_has_livro_usuario1_idx` ON `emprestimo` (`matricula` ASC) VISIBLE;

SHOW WARNINGS;

-- -----------------------------------------------------
-- Table `reserva`
-- -----------------------------------------------------
DROP TABLE IF EXISTS `reserva` ;

SHOW WARNINGS;
CREATE TABLE IF NOT EXISTS `reserva` (
  `matricula` INT NOT NULL,
  `isbn` CHAR(13) NOT NULL,
  `data_de_reserva` DATETIME NOT NULL,
  `data_contemplado` VARCHAR(45) NULL,
  PRIMARY KEY (`matricula`, `isbn`),
  CONSTRAINT `fk_usuario_has_livro_usuario2`
    FOREIGN KEY (`matricula`)
    REFERENCES `usuario` (`matricula`)
    ON DELETE CASCADE
    ON UPDATE CASCADE,
  CONSTRAINT `fk_usuario_has_livro_livro2`
    FOREIGN KEY (`isbn`)
    REFERENCES `livro` (`isbn`)
    ON DELETE CASCADE
    ON UPDATE CASCADE)
ENGINE = InnoDB;

SHOW WARNINGS;
CREATE INDEX `fk_usuario_has_livro_livro2_idx` ON `reserva` (`isbn` ASC) VISIBLE;

SHOW WARNINGS;
CREATE INDEX `fk_usuario_has_livro_usuario2_idx` ON `reserva` (`matricula` ASC) VISIBLE;

SHOW WARNINGS;
USE `equipe385145` ;

-- -----------------------------------------------------
-- Placeholder table for view `view_professor_curso`
-- -----------------------------------------------------
CREATE TABLE IF NOT EXISTS `view_professor_curso` (`nome` INT, `nome_curso` INT);
SHOW WARNINGS;

-- -----------------------------------------------------
-- View `view_professor_curso`
-- -----------------------------------------------------
DROP TABLE IF EXISTS `view_professor_curso`;
SHOW WARNINGS;
DROP VIEW IF EXISTS `view_professor_curso` ;
SHOW WARNINGS;
USE `equipe385145`;
CREATE 
     OR REPLACE ALGORITHM = UNDEFINED 
    DEFINER = `root`@`localhost` 
    SQL SECURITY DEFINER
VIEW `view_professor_curso` AS
    SELECT 
        `usuario`.`nome` AS `nome`,
        `curso`.`nome_curso` AS `nome_curso`
    FROM
        ((`professor`
        JOIN `curso` ON ((`professor`.`cod_curso` = `curso`.`cod_curso`)))
        JOIN `usuario` ON ((`professor`.`mat_siape` = `usuario`.`matricula`)))
    ORDER BY `usuario`.`nome`;
SHOW WARNINGS;
USE `equipe385145`;

DELIMITER $$

USE `equipe385145`$$
DROP TRIGGER IF EXISTS `trg_1` $$
SHOW WARNINGS$$
USE `equipe385145`$$
CREATE DEFINER = CURRENT_USER TRIGGER trg_1
	BEFORE INSERT ON equipe385145.aluno 
	FOR EACH ROW
   
BEGIN
	
    DECLARE msg VARCHAR(32);    
    
    IF NEW.data_de_conclusao_prevista < now() OR  NEW.data_de_conclusao_prevista < NEW.data_de_ingresso THEN
        
        SET msg = concat('Data inserida não confere!');
        SIGNAL SQLSTATE'45000' SET message_text = msg;
        
	END IF; 

END$$

SHOW WARNINGS$$

DELIMITER ;

SET SQL_MODE=@OLD_SQL_MODE;
SET FOREIGN_KEY_CHECKS=@OLD_FOREIGN_KEY_CHECKS;
SET UNIQUE_CHECKS=@OLD_UNIQUE_CHECKS;

-- -----------------------------------------------------
-- Data for table `autor`
-- -----------------------------------------------------
START TRANSACTION;
USE `equipe385145`;
INSERT INTO `autor` (`cpf`, `nome`, `nacionalidade`) VALUES ('12345678980', 'João Antônio', 'Brasileira');
INSERT INTO `autor` (`cpf`, `nome`, `nacionalidade`) VALUES ('98765432199', 'Maria do rosário', 'Brasileira');
INSERT INTO `autor` (`cpf`, `nome`, `nacionalidade`) VALUES ('85296374180', 'Raimundo Antônio', 'Brasileira');
INSERT INTO `autor` (`cpf`, `nome`, `nacionalidade`) VALUES ('85296374810', 'Aldous Huxley', 'Alemã');
INSERT INTO `autor` (`cpf`, `nome`, `nacionalidade`) VALUES ('25896374180', 'Paulo Freire', 'Brasileira');
INSERT INTO `autor` (`cpf`, `nome`, `nacionalidade`) VALUES ('85296743180', 'Pedro Bandeira', 'Italina');
INSERT INTO `autor` (`cpf`, `nome`, `nacionalidade`) VALUES ('89746516516', 'Miguel de Cervantes', 'Brasileira');
INSERT INTO `autor` (`cpf`, `nome`, `nacionalidade`) VALUES ('12341361697', 'Robert T Kiyosaki', 'Russo');
INSERT INTO `autor` (`cpf`, `nome`, `nacionalidade`) VALUES ('12442534313', 'Pierre Clastres', 'Brasileira');
INSERT INTO `autor` (`cpf`, `nome`, `nacionalidade`) VALUES ('13461134151', 'Alcida Rita Ramos', 'Americana');
INSERT INTO `autor` (`cpf`, `nome`, `nacionalidade`) VALUES ('12364145234', 'Florestan Fernandes', 'Brasileira');
INSERT INTO `autor` (`cpf`, `nome`, `nacionalidade`) VALUES ('89852568543', 'Sun Tzu', 'Sul Coreano');
INSERT INTO `autor` (`cpf`, `nome`, `nacionalidade`) VALUES ('55826365326', 'Holanda', 'Brasileira');
INSERT INTO `autor` (`cpf`, `nome`, `nacionalidade`) VALUES ('84825393938', 'Darcy Ribeirp', 'Sul Africano');
INSERT INTO `autor` (`cpf`, `nome`, `nacionalidade`) VALUES ('63634635433', 'Hal Elrod', 'Argentino');
INSERT INTO `autor` (`cpf`, `nome`, `nacionalidade`) VALUES ('34934348354', 'Eckhart Tolle', 'Sul Coreano');
INSERT INTO `autor` (`cpf`, `nome`, `nacionalidade`) VALUES ('43643243236', 'Daniel Kahneman', 'Argentino');
INSERT INTO `autor` (`cpf`, `nome`, `nacionalidade`) VALUES ('33634654534', 'Mark Manson', 'Americana');

COMMIT;


-- -----------------------------------------------------
-- Data for table `usuario`
-- -----------------------------------------------------
START TRANSACTION;
USE `equipe385145`;
INSERT INTO `usuario` (`matricula`, `nickname`, `senha_hash`, `nome`, `endereco`, `tipo`, `permissao`) VALUES (389118, NULL, '03ac674216f3e15c761ee1a5e255f067953623c8b388b4459e13f978d7c846f4', 'Samuel Hericles', 'Rua 22 de novembro - 678 - Marco', 'aluno', 'usuario');
INSERT INTO `usuario` (`matricula`, `nickname`, `senha_hash`, `nome`, `endereco`, `tipo`, `permissao`) VALUES (394192, NULL, '07334386287751ba02a4588c1a0875dbd074a61bd9e6ab7c48d244eacd0c99e0', 'Manoel Vilela', 'Rua São José - 563 - Sobral', 'aluno', 'usuario');
INSERT INTO `usuario` (`matricula`, `nickname`, `senha_hash`, `nome`, `endereco`, `tipo`, `permissao`) VALUES (385145, NULL, '9af15b336e6a9619928537df30b2e6a2376569fcf9d7e773eccede65606529a0', 'Gerônimo Aguiar', 'Rua Não sei - s/N - Itarema', 'aluno', 'usuario');
INSERT INTO `usuario` (`matricula`, `nickname`, `senha_hash`, `nome`, `endereco`, `tipo`, `permissao`) VALUES (400500, 'Admin', '4813494d137e1631bba301d5acab6e7bb7aa74ce1185d456565ef51d737677b2', 'Fernando', 'Rua dos Professores - s/N - Sobral', 'professor', 'administrador');
INSERT INTO `usuario` (`matricula`, `nickname`, `senha_hash`, `nome`, `endereco`, `tipo`, `permissao`) VALUES (300300, 'bibliotecario', '9af15b336e6a9619928537df30b2e6a2376569fcf9d7e773eccede65606529a0', 'Germano', 'Rua dos Funcionarios', 'funcionario', 'bibliotecario');
INSERT INTO `usuario` (`matricula`, `nickname`, `senha_hash`, `nome`, `endereco`, `tipo`, `permissao`) VALUES (400501, 'NULL', '9af15b336e6a9619928537df30b2e6a2376569fcf9d7e773eccede65606529a0', 'Marcelo', 'Rua dos Professores - S/N - Sobral', 'professor', 'usuario');
INSERT INTO `usuario` (`matricula`, `nickname`, `senha_hash`, `nome`, `endereco`, `tipo`, `permissao`) VALUES (400502, NULL, '9af15b336e6a9619928537df30b2e6a2376569fcf9d7e773eccede65606529a0', 'Francisco', 'Rua dos Professores', 'professor', 'usuario');
INSERT INTO `usuario` (`matricula`, `nickname`, `senha_hash`, `nome`, `endereco`, `tipo`, `permissao`) VALUES (389000, 'aluno', '9af15b336e6a9619928537df30b2e6a2376569fcf9d7e773eccede65606529a0', 'Aluno01', 'Rua dos Alunos', 'aluno', 'usuario');
INSERT INTO `usuario` (`matricula`, `nickname`, `senha_hash`, `nome`, `endereco`, `tipo`, `permissao`) VALUES (389001, NULL, '9af15b336e6a9619928537df30b2e6a2376569fcf9d7e773eccede65606529a0', 'Aluno02', 'Rua Nova dos Alunos', 'aluno', 'bibliotecario');
INSERT INTO `usuario` (`matricula`, `nickname`, `senha_hash`, `nome`, `endereco`, `tipo`, `permissao`) VALUES (389002, NULL, '9af15b336e6a9619928537df30b2e6a2376569fcf9d7e773eccede65606529a0', 'Aluno03', 'Av. dos Alunos', 'aluno', 'usuario');
INSERT INTO `usuario` (`matricula`, `nickname`, `senha_hash`, `nome`, `endereco`, `tipo`, `permissao`) VALUES (389003, NULL, '9af15b336e6a9619928537df30b2e6a2376569fcf9d7e773eccede65606529a0', 'Aluno04', 'Rua dos Alunos', 'aluno', 'usuario');
INSERT INTO `usuario` (`matricula`, `nickname`, `senha_hash`, `nome`, `endereco`, `tipo`, `permissao`) VALUES (389004, NULL, '9af15b336e6a9619928537df30b2e6a2376569fcf9d7e773eccede65606529a0', 'Aluno05', 'Rua Nova dos Alunos', 'aluno', 'bibliotecario');
INSERT INTO `usuario` (`matricula`, `nickname`, `senha_hash`, `nome`, `endereco`, `tipo`, `permissao`) VALUES (389005, NULL, '9af15b336e6a9619928537df30b2e6a2376569fcf9d7e773eccede65606529a0', 'Aluno06', 'Av. dos Alunos', 'aluno', 'usuario');
INSERT INTO `usuario` (`matricula`, `nickname`, `senha_hash`, `nome`, `endereco`, `tipo`, `permissao`) VALUES (389006, NULL, '9af15b336e6a9619928537df30b2e6a2376569fcf9d7e773eccede65606529a0', 'Aluno07', 'Rua dos Alunos', 'aluno', 'usuario');
INSERT INTO `usuario` (`matricula`, `nickname`, `senha_hash`, `nome`, `endereco`, `tipo`, `permissao`) VALUES (389007, NULL, '9af15b336e6a9619928537df30b2e6a2376569fcf9d7e773eccede65606529a0', 'Aluno08', 'Rua Nova dos Alunos', 'aluno', 'bibliotecario');
INSERT INTO `usuario` (`matricula`, `nickname`, `senha_hash`, `nome`, `endereco`, `tipo`, `permissao`) VALUES (389008, NULL, '9af15b336e6a9619928537df30b2e6a2376569fcf9d7e773eccede65606529a0', 'Aluno09', 'Av. dos Alunos', 'aluno', 'usuario');
INSERT INTO `usuario` (`matricula`, `nickname`, `senha_hash`, `nome`, `endereco`, `tipo`, `permissao`) VALUES (389009, NULL, '9af15b336e6a9619928537df30b2e6a2376569fcf9d7e773eccede65606529a0', 'Aluno10', 'Rua dos Alunos', 'aluno', 'usuario');
INSERT INTO `usuario` (`matricula`, `nickname`, `senha_hash`, `nome`, `endereco`, `tipo`, `permissao`) VALUES (389010, NULL, '9af15b336e6a9619928537df30b2e6a2376569fcf9d7e773eccede65606529a0', 'Aluno11', 'Rua Nova dos Alunos', 'aluno', 'bibliotecario');
INSERT INTO `usuario` (`matricula`, `nickname`, `senha_hash`, `nome`, `endereco`, `tipo`, `permissao`) VALUES (389011, NULL, '9af15b336e6a9619928537df30b2e6a2376569fcf9d7e773eccede65606529a0', 'Aluno12', 'Av. dos Alunos', 'aluno', 'usuario');
INSERT INTO `usuario` (`matricula`, `nickname`, `senha_hash`, `nome`, `endereco`, `tipo`, `permissao`) VALUES (389012, NULL, '9af15b336e6a9619928537df30b2e6a2376569fcf9d7e773eccede65606529a0', 'Aluno13', 'Rua dos Alunos', 'aluno', 'usuario');
INSERT INTO `usuario` (`matricula`, `nickname`, `senha_hash`, `nome`, `endereco`, `tipo`, `permissao`) VALUES (389013, NULL, '9af15b336e6a9619928537df30b2e6a2376569fcf9d7e773eccede65606529a0', 'Aluno14', 'Rua Nova dos Alunos', 'aluno', 'bibliotecario');
INSERT INTO `usuario` (`matricula`, `nickname`, `senha_hash`, `nome`, `endereco`, `tipo`, `permissao`) VALUES (389014, NULL, '9af15b336e6a9619928537df30b2e6a2376569fcf9d7e773eccede65606529a0', 'Aluno15', 'Av. dos Alunos', 'aluno', 'usuario');
INSERT INTO `usuario` (`matricula`, `nickname`, `senha_hash`, `nome`, `endereco`, `tipo`, `permissao`) VALUES (389015, NULL, '9af15b336e6a9619928537df30b2e6a2376569fcf9d7e773eccede65606529a0', 'Aluno16', 'Rua dos Alunos', 'aluno', 'bibliotecario');
INSERT INTO `usuario` (`matricula`, `nickname`, `senha_hash`, `nome`, `endereco`, `tipo`, `permissao`) VALUES (389016, NULL, '9af15b336e6a9619928537df30b2e6a2376569fcf9d7e773eccede65606529a0', 'Aluno17', 'Rua Nova dos Alunos', 'aluno', 'bibliotecario');
INSERT INTO `usuario` (`matricula`, `nickname`, `senha_hash`, `nome`, `endereco`, `tipo`, `permissao`) VALUES (389017, NULL, '9af15b336e6a9619928537df30b2e6a2376569fcf9d7e773eccede65606529a0', 'Aluno18', 'Av. dos Alunos', 'aluno', 'usuario');
INSERT INTO `usuario` (`matricula`, `nickname`, `senha_hash`, `nome`, `endereco`, `tipo`, `permissao`) VALUES (389018, NULL, '9af15b336e6a9619928537df30b2e6a2376569fcf9d7e773eccede65606529a0', 'Aluno19', 'Rua dos Alunos', 'aluno', 'bibliotecario');
INSERT INTO `usuario` (`matricula`, `nickname`, `senha_hash`, `nome`, `endereco`, `tipo`, `permissao`) VALUES (389019, NULL, '9af15b336e6a9619928537df30b2e6a2376569fcf9d7e773eccede65606529a0', 'Aluno20', 'Rua Nova dos Alunos', 'aluno', 'bibliotecario');
INSERT INTO `usuario` (`matricula`, `nickname`, `senha_hash`, `nome`, `endereco`, `tipo`, `permissao`) VALUES (389020, NULL, '9af15b336e6a9619928537df30b2e6a2376569fcf9d7e773eccede65606529a0', 'Aluno21', 'Av. dos Alunos', 'aluno', 'usuario');
INSERT INTO `usuario` (`matricula`, `nickname`, `senha_hash`, `nome`, `endereco`, `tipo`, `permissao`) VALUES (389021, NULL, '9af15b336e6a9619928537df30b2e6a2376569fcf9d7e773eccede65606529a0', 'Aluno22', 'Rua dos Alunos', 'aluno', 'bibliotecario');
INSERT INTO `usuario` (`matricula`, `nickname`, `senha_hash`, `nome`, `endereco`, `tipo`, `permissao`) VALUES (389022, NULL, '9af15b336e6a9619928537df30b2e6a2376569fcf9d7e773eccede65606529a0', 'Aluno23', 'Rua Nova dos Alunos', 'aluno', 'bibliotecario');
INSERT INTO `usuario` (`matricula`, `nickname`, `senha_hash`, `nome`, `endereco`, `tipo`, `permissao`) VALUES (389023, NULL, '9af15b336e6a9619928537df30b2e6a2376569fcf9d7e773eccede65606529a0', 'Aluno24', 'Av. dos Alunos', 'aluno', 'usuario');
INSERT INTO `usuario` (`matricula`, `nickname`, `senha_hash`, `nome`, `endereco`, `tipo`, `permissao`) VALUES (389024, NULL, '9af15b336e6a9619928537df30b2e6a2376569fcf9d7e773eccede65606529a0', 'Aluno25', 'Rua dos Alunos', 'aluno', 'usuario');
INSERT INTO `usuario` (`matricula`, `nickname`, `senha_hash`, `nome`, `endereco`, `tipo`, `permissao`) VALUES (389025, NULL, '9af15b336e6a9619928537df30b2e6a2376569fcf9d7e773eccede65606529a0', 'Aluno26', 'Rua Nova dos Alunos', 'aluno', 'bibliotecario');
INSERT INTO `usuario` (`matricula`, `nickname`, `senha_hash`, `nome`, `endereco`, `tipo`, `permissao`) VALUES (389026, NULL, '9af15b336e6a9619928537df30b2e6a2376569fcf9d7e773eccede65606529a0', 'Aluno27', 'Av. dos Alunos', 'aluno', 'usuario');
INSERT INTO `usuario` (`matricula`, `nickname`, `senha_hash`, `nome`, `endereco`, `tipo`, `permissao`) VALUES (389027, NULL, '9af15b336e6a9619928537df30b2e6a2376569fcf9d7e773eccede65606529a0', 'Aluno28', 'Rua dos Alunos', 'aluno', 'bibliotecario');
INSERT INTO `usuario` (`matricula`, `nickname`, `senha_hash`, `nome`, `endereco`, `tipo`, `permissao`) VALUES (389028, NULL, '9af15b336e6a9619928537df30b2e6a2376569fcf9d7e773eccede65606529a0', 'Aluno29', 'Rua Nova dos Alunos', 'aluno', 'bibliotecario');
INSERT INTO `usuario` (`matricula`, `nickname`, `senha_hash`, `nome`, `endereco`, `tipo`, `permissao`) VALUES (389029, NULL, '9af15b336e6a9619928537df30b2e6a2376569fcf9d7e773eccede65606529a0', 'Aluno30', 'Av. dos Alunos', 'aluno', 'usuario');
INSERT INTO `usuario` (`matricula`, `nickname`, `senha_hash`, `nome`, `endereco`, `tipo`, `permissao`) VALUES (389030, NULL, '9af15b336e6a9619928537df30b2e6a2376569fcf9d7e773eccede65606529a0', 'Aluno31', 'Rua dos Alunos', 'aluno', 'bibliotecario');
INSERT INTO `usuario` (`matricula`, `nickname`, `senha_hash`, `nome`, `endereco`, `tipo`, `permissao`) VALUES (389031, NULL, '9af15b336e6a9619928537df30b2e6a2376569fcf9d7e773eccede65606529a0', 'Aluno32', 'Rua Nova dos Alunos', 'aluno', 'bibliotecario');
INSERT INTO `usuario` (`matricula`, `nickname`, `senha_hash`, `nome`, `endereco`, `tipo`, `permissao`) VALUES (400503, 'professor', '9af15b336e6a9619928537df30b2e6a2376569fcf9d7e773eccede65606529a0', 'Professor01', 'Rua Nova dos Professores', 'professor', 'usuario');
INSERT INTO `usuario` (`matricula`, `nickname`, `senha_hash`, `nome`, `endereco`, `tipo`, `permissao`) VALUES (400504, NULL, '9af15b336e6a9619928537df30b2e6a2376569fcf9d7e773eccede65606529a0', 'Professor02', 'Av. dos Professores', 'professor', 'usuario');
INSERT INTO `usuario` (`matricula`, `nickname`, `senha_hash`, `nome`, `endereco`, `tipo`, `permissao`) VALUES (400505, NULL, '9af15b336e6a9619928537df30b2e6a2376569fcf9d7e773eccede65606529a0', 'Professor03', 'Rua dos Professores', 'professor', 'bibliotecario');
INSERT INTO `usuario` (`matricula`, `nickname`, `senha_hash`, `nome`, `endereco`, `tipo`, `permissao`) VALUES (400506, NULL, '9af15b336e6a9619928537df30b2e6a2376569fcf9d7e773eccede65606529a0', 'Professor04', 'Rua Nova dos Professores', 'professor', 'usuario');
INSERT INTO `usuario` (`matricula`, `nickname`, `senha_hash`, `nome`, `endereco`, `tipo`, `permissao`) VALUES (400507, NULL, '9af15b336e6a9619928537df30b2e6a2376569fcf9d7e773eccede65606529a0', 'Professor05', 'Av. dos Professores', 'professor', 'usuario');
INSERT INTO `usuario` (`matricula`, `nickname`, `senha_hash`, `nome`, `endereco`, `tipo`, `permissao`) VALUES (400508, NULL, '9af15b336e6a9619928537df30b2e6a2376569fcf9d7e773eccede65606529a0', 'Professor06', 'Rua dos Professores', 'professor', 'bibliotecario');
INSERT INTO `usuario` (`matricula`, `nickname`, `senha_hash`, `nome`, `endereco`, `tipo`, `permissao`) VALUES (400509, NULL, '9af15b336e6a9619928537df30b2e6a2376569fcf9d7e773eccede65606529a0', 'Professor07', 'Rua Nova dos Professores', 'professor', 'usuario');
INSERT INTO `usuario` (`matricula`, `nickname`, `senha_hash`, `nome`, `endereco`, `tipo`, `permissao`) VALUES (400510, NULL, '9af15b336e6a9619928537df30b2e6a2376569fcf9d7e773eccede65606529a0', 'Professor08', 'Av. dos Professores', 'professor', 'usuario');
INSERT INTO `usuario` (`matricula`, `nickname`, `senha_hash`, `nome`, `endereco`, `tipo`, `permissao`) VALUES (400511, NULL, '9af15b336e6a9619928537df30b2e6a2376569fcf9d7e773eccede65606529a0', 'Professor09', 'Rua dos Professores', 'professor', 'bibliotecario');
INSERT INTO `usuario` (`matricula`, `nickname`, `senha_hash`, `nome`, `endereco`, `tipo`, `permissao`) VALUES (400512, NULL, '9af15b336e6a9619928537df30b2e6a2376569fcf9d7e773eccede65606529a0', 'Professor10', 'Rua Nova dos Professores', 'professor', 'usuario');
INSERT INTO `usuario` (`matricula`, `nickname`, `senha_hash`, `nome`, `endereco`, `tipo`, `permissao`) VALUES (400513, NULL, '9af15b336e6a9619928537df30b2e6a2376569fcf9d7e773eccede65606529a0', 'Professor11', 'Av. dos Professores', 'professor', 'usuario');
INSERT INTO `usuario` (`matricula`, `nickname`, `senha_hash`, `nome`, `endereco`, `tipo`, `permissao`) VALUES (400514, NULL, '9af15b336e6a9619928537df30b2e6a2376569fcf9d7e773eccede65606529a0', 'Professor12', 'Rua dos Professores', 'professor', 'bibliotecario');
INSERT INTO `usuario` (`matricula`, `nickname`, `senha_hash`, `nome`, `endereco`, `tipo`, `permissao`) VALUES (400515, NULL, '9af15b336e6a9619928537df30b2e6a2376569fcf9d7e773eccede65606529a0', 'Professor13', 'Rua Nova dos Professores', 'professor', 'usuario');
INSERT INTO `usuario` (`matricula`, `nickname`, `senha_hash`, `nome`, `endereco`, `tipo`, `permissao`) VALUES (400516, NULL, '9af15b336e6a9619928537df30b2e6a2376569fcf9d7e773eccede65606529a0', 'Professor14', 'Av. dos Professores', 'professor', 'usuario');
INSERT INTO `usuario` (`matricula`, `nickname`, `senha_hash`, `nome`, `endereco`, `tipo`, `permissao`) VALUES (400517, NULL, '9af15b336e6a9619928537df30b2e6a2376569fcf9d7e773eccede65606529a0', 'Professor15', 'Rua dos Professores', 'professor', 'bibliotecario');
INSERT INTO `usuario` (`matricula`, `nickname`, `senha_hash`, `nome`, `endereco`, `tipo`, `permissao`) VALUES (400518, NULL, '9af15b336e6a9619928537df30b2e6a2376569fcf9d7e773eccede65606529a0', 'Professor16', 'Rua Nova dos Professores', 'professor', 'usuario');
INSERT INTO `usuario` (`matricula`, `nickname`, `senha_hash`, `nome`, `endereco`, `tipo`, `permissao`) VALUES (400519, NULL, '9af15b336e6a9619928537df30b2e6a2376569fcf9d7e773eccede65606529a0', 'Professor17', 'Av. dos Professores', 'professor', 'usuario');
INSERT INTO `usuario` (`matricula`, `nickname`, `senha_hash`, `nome`, `endereco`, `tipo`, `permissao`) VALUES (400520, NULL, '9af15b336e6a9619928537df30b2e6a2376569fcf9d7e773eccede65606529a0', 'Professor18', 'Rua dos Professores', 'professor', 'bibliotecario');
INSERT INTO `usuario` (`matricula`, `nickname`, `senha_hash`, `nome`, `endereco`, `tipo`, `permissao`) VALUES (400521, NULL, '9af15b336e6a9619928537df30b2e6a2376569fcf9d7e773eccede65606529a0', 'Professor19', 'Rua Nova dos Professores', 'professor', 'usuario');
INSERT INTO `usuario` (`matricula`, `nickname`, `senha_hash`, `nome`, `endereco`, `tipo`, `permissao`) VALUES (400522, NULL, '9af15b336e6a9619928537df30b2e6a2376569fcf9d7e773eccede65606529a0', 'Professor20', 'Av. dos Professores', 'professor', 'usuario');
INSERT INTO `usuario` (`matricula`, `nickname`, `senha_hash`, `nome`, `endereco`, `tipo`, `permissao`) VALUES (400523, NULL, '9af15b336e6a9619928537df30b2e6a2376569fcf9d7e773eccede65606529a0', 'Professor21', 'Rua dos Professores', 'professor', 'bibliotecario');
INSERT INTO `usuario` (`matricula`, `nickname`, `senha_hash`, `nome`, `endereco`, `tipo`, `permissao`) VALUES (400524, NULL, '9af15b336e6a9619928537df30b2e6a2376569fcf9d7e773eccede65606529a0', 'Professor22', 'Rua Nova dos Professores', 'professor', 'usuario');
INSERT INTO `usuario` (`matricula`, `nickname`, `senha_hash`, `nome`, `endereco`, `tipo`, `permissao`) VALUES (400525, NULL, '9af15b336e6a9619928537df30b2e6a2376569fcf9d7e773eccede65606529a0', 'Professor23', 'Av. dos Professores', 'professor', 'usuario');
INSERT INTO `usuario` (`matricula`, `nickname`, `senha_hash`, `nome`, `endereco`, `tipo`, `permissao`) VALUES (400526, NULL, '9af15b336e6a9619928537df30b2e6a2376569fcf9d7e773eccede65606529a0', 'Professor24', 'Rua dos Professores', 'professor', 'bibliotecario');
INSERT INTO `usuario` (`matricula`, `nickname`, `senha_hash`, `nome`, `endereco`, `tipo`, `permissao`) VALUES (400527, NULL, '9af15b336e6a9619928537df30b2e6a2376569fcf9d7e773eccede65606529a0', 'Professor25', 'Rua Nova dos Professores', 'professor', 'usuario');
INSERT INTO `usuario` (`matricula`, `nickname`, `senha_hash`, `nome`, `endereco`, `tipo`, `permissao`) VALUES (400528, NULL, '9af15b336e6a9619928537df30b2e6a2376569fcf9d7e773eccede65606529a0', 'Professor26', 'Av. dos Professores', 'professor', 'usuario');
INSERT INTO `usuario` (`matricula`, `nickname`, `senha_hash`, `nome`, `endereco`, `tipo`, `permissao`) VALUES (400529, NULL, '9af15b336e6a9619928537df30b2e6a2376569fcf9d7e773eccede65606529a0', 'Professor27', 'Rua dos Professores', 'professor', 'bibliotecario');
INSERT INTO `usuario` (`matricula`, `nickname`, `senha_hash`, `nome`, `endereco`, `tipo`, `permissao`) VALUES (400530, NULL, '9af15b336e6a9619928537df30b2e6a2376569fcf9d7e773eccede65606529a0', 'Professor28', 'Rua Nova dos Professores', 'professor', 'usuario');
INSERT INTO `usuario` (`matricula`, `nickname`, `senha_hash`, `nome`, `endereco`, `tipo`, `permissao`) VALUES (400531, NULL, '9af15b336e6a9619928537df30b2e6a2376569fcf9d7e773eccede65606529a0', 'Professor29', 'Av. dos Professores', 'professor', 'usuario');
INSERT INTO `usuario` (`matricula`, `nickname`, `senha_hash`, `nome`, `endereco`, `tipo`, `permissao`) VALUES (400532, NULL, '9af15b336e6a9619928537df30b2e6a2376569fcf9d7e773eccede65606529a0', 'Professor30', 'Rua dos Professores', 'professor', 'bibliotecario');
INSERT INTO `usuario` (`matricula`, `nickname`, `senha_hash`, `nome`, `endereco`, `tipo`, `permissao`) VALUES (400533, NULL, '9af15b336e6a9619928537df30b2e6a2376569fcf9d7e773eccede65606529a0', 'Professor31', 'Rua Nova dos Professores', 'professor', 'usuario');
INSERT INTO `usuario` (`matricula`, `nickname`, `senha_hash`, `nome`, `endereco`, `tipo`, `permissao`) VALUES (300301, 'funcionario', '9af15b336e6a9619928537df30b2e6a2376569fcf9d7e773eccede65606529a0', 'Funcionário01', 'Rua dos Funcionarios', 'funcionario', 'usuario');
INSERT INTO `usuario` (`matricula`, `nickname`, `senha_hash`, `nome`, `endereco`, `tipo`, `permissao`) VALUES (300302, NULL, '9af15b336e6a9619928537df30b2e6a2376569fcf9d7e773eccede65606529a0', 'Funcionário02', 'Rua Nova dos Funcionarios', 'funcionario', 'usuario');
INSERT INTO `usuario` (`matricula`, `nickname`, `senha_hash`, `nome`, `endereco`, `tipo`, `permissao`) VALUES (300303, NULL, '9af15b336e6a9619928537df30b2e6a2376569fcf9d7e773eccede65606529a0', 'Funcionário03', 'Av. dos Funcionairos', 'funcionario', 'bibliotecario');
INSERT INTO `usuario` (`matricula`, `nickname`, `senha_hash`, `nome`, `endereco`, `tipo`, `permissao`) VALUES (300304, NULL, '9af15b336e6a9619928537df30b2e6a2376569fcf9d7e773eccede65606529a0', 'Funcionário04', 'Rua dos Funcionarios', 'funcionario', 'usuario');
INSERT INTO `usuario` (`matricula`, `nickname`, `senha_hash`, `nome`, `endereco`, `tipo`, `permissao`) VALUES (300305, NULL, '9af15b336e6a9619928537df30b2e6a2376569fcf9d7e773eccede65606529a0', 'Funcionário05', 'Rua Nova dos Funcionarios', 'funcionario', 'usuario');
INSERT INTO `usuario` (`matricula`, `nickname`, `senha_hash`, `nome`, `endereco`, `tipo`, `permissao`) VALUES (300306, NULL, '9af15b336e6a9619928537df30b2e6a2376569fcf9d7e773eccede65606529a0', 'Funcionário06', 'Av. dos Funcionairos', 'funcionario', 'bibliotecario');
INSERT INTO `usuario` (`matricula`, `nickname`, `senha_hash`, `nome`, `endereco`, `tipo`, `permissao`) VALUES (300307, NULL, '9af15b336e6a9619928537df30b2e6a2376569fcf9d7e773eccede65606529a0', 'Funcionário07', 'Rua dos Funcionarios', 'funcionario', 'usuario');
INSERT INTO `usuario` (`matricula`, `nickname`, `senha_hash`, `nome`, `endereco`, `tipo`, `permissao`) VALUES (300308, NULL, '9af15b336e6a9619928537df30b2e6a2376569fcf9d7e773eccede65606529a0', 'Funcionário08', 'Rua Nova dos Funcionarios', 'funcionario', 'usuario');
INSERT INTO `usuario` (`matricula`, `nickname`, `senha_hash`, `nome`, `endereco`, `tipo`, `permissao`) VALUES (300309, NULL, '9af15b336e6a9619928537df30b2e6a2376569fcf9d7e773eccede65606529a0', 'Funcionário09', 'Av. dos Funcionairos', 'funcionario', 'bibliotecario');
INSERT INTO `usuario` (`matricula`, `nickname`, `senha_hash`, `nome`, `endereco`, `tipo`, `permissao`) VALUES (300310, NULL, '9af15b336e6a9619928537df30b2e6a2376569fcf9d7e773eccede65606529a0', 'Funcionário10', 'Rua dos Funcionarios', 'funcionario', 'usuario');
INSERT INTO `usuario` (`matricula`, `nickname`, `senha_hash`, `nome`, `endereco`, `tipo`, `permissao`) VALUES (300311, NULL, '9af15b336e6a9619928537df30b2e6a2376569fcf9d7e773eccede65606529a0', 'Funcionário11', 'Rua Nova dos Funcionarios', 'funcionario', 'usuario');
INSERT INTO `usuario` (`matricula`, `nickname`, `senha_hash`, `nome`, `endereco`, `tipo`, `permissao`) VALUES (300312, NULL, '9af15b336e6a9619928537df30b2e6a2376569fcf9d7e773eccede65606529a0', 'Funcionário12', 'Av. dos Funcionairos', 'funcionario', 'bibliotecario');
INSERT INTO `usuario` (`matricula`, `nickname`, `senha_hash`, `nome`, `endereco`, `tipo`, `permissao`) VALUES (300313, NULL, '9af15b336e6a9619928537df30b2e6a2376569fcf9d7e773eccede65606529a0', 'Funcionário13', 'Rua dos Funcionarios', 'funcionario', 'usuario');
INSERT INTO `usuario` (`matricula`, `nickname`, `senha_hash`, `nome`, `endereco`, `tipo`, `permissao`) VALUES (300314, NULL, '9af15b336e6a9619928537df30b2e6a2376569fcf9d7e773eccede65606529a0', 'Funcionário14', 'Rua Nova dos Funcionarios', 'funcionario', 'usuario');
INSERT INTO `usuario` (`matricula`, `nickname`, `senha_hash`, `nome`, `endereco`, `tipo`, `permissao`) VALUES (300315, NULL, '9af15b336e6a9619928537df30b2e6a2376569fcf9d7e773eccede65606529a0', 'Funcionário15', 'Av. dos Funcionairos', 'funcionario', 'bibliotecario');
INSERT INTO `usuario` (`matricula`, `nickname`, `senha_hash`, `nome`, `endereco`, `tipo`, `permissao`) VALUES (300316, NULL, '9af15b336e6a9619928537df30b2e6a2376569fcf9d7e773eccede65606529a0', 'Funcionário16', 'Rua dos Funcionarios', 'funcionario', 'usuario');
INSERT INTO `usuario` (`matricula`, `nickname`, `senha_hash`, `nome`, `endereco`, `tipo`, `permissao`) VALUES (300317, NULL, '9af15b336e6a9619928537df30b2e6a2376569fcf9d7e773eccede65606529a0', 'Funcionário17', 'Rua Nova dos Funcionarios', 'funcionario', 'usuario');
INSERT INTO `usuario` (`matricula`, `nickname`, `senha_hash`, `nome`, `endereco`, `tipo`, `permissao`) VALUES (300318, NULL, '9af15b336e6a9619928537df30b2e6a2376569fcf9d7e773eccede65606529a0', 'Funcionário18', 'Av. dos Funcionairos', 'funcionario', 'bibliotecario');
INSERT INTO `usuario` (`matricula`, `nickname`, `senha_hash`, `nome`, `endereco`, `tipo`, `permissao`) VALUES (300319, NULL, '9af15b336e6a9619928537df30b2e6a2376569fcf9d7e773eccede65606529a0', 'Funcionário19', 'Rua dos Funcionarios', 'funcionario', 'usuario');
INSERT INTO `usuario` (`matricula`, `nickname`, `senha_hash`, `nome`, `endereco`, `tipo`, `permissao`) VALUES (300320, NULL, '9af15b336e6a9619928537df30b2e6a2376569fcf9d7e773eccede65606529a0', 'Funcionário20', 'Rua Nova dos Funcionarios', 'funcionario', 'usuario');
INSERT INTO `usuario` (`matricula`, `nickname`, `senha_hash`, `nome`, `endereco`, `tipo`, `permissao`) VALUES (300321, NULL, '9af15b336e6a9619928537df30b2e6a2376569fcf9d7e773eccede65606529a0', 'Funcionário21', 'Av. dos Funcionairos', 'funcionario', 'bibliotecario');
INSERT INTO `usuario` (`matricula`, `nickname`, `senha_hash`, `nome`, `endereco`, `tipo`, `permissao`) VALUES (300322, NULL, '9af15b336e6a9619928537df30b2e6a2376569fcf9d7e773eccede65606529a0', 'Funcionário22', 'Rua dos Funcionarios', 'funcionario', 'usuario');
INSERT INTO `usuario` (`matricula`, `nickname`, `senha_hash`, `nome`, `endereco`, `tipo`, `permissao`) VALUES (300323, NULL, '9af15b336e6a9619928537df30b2e6a2376569fcf9d7e773eccede65606529a0', 'Funcionário23', 'Rua Nova dos Funcionarios', 'funcionario', 'usuario');
INSERT INTO `usuario` (`matricula`, `nickname`, `senha_hash`, `nome`, `endereco`, `tipo`, `permissao`) VALUES (300324, NULL, '9af15b336e6a9619928537df30b2e6a2376569fcf9d7e773eccede65606529a0', 'Funcionário24', 'Av. dos Funcionairos', 'funcionario', 'bibliotecario');
INSERT INTO `usuario` (`matricula`, `nickname`, `senha_hash`, `nome`, `endereco`, `tipo`, `permissao`) VALUES (300325, NULL, '9af15b336e6a9619928537df30b2e6a2376569fcf9d7e773eccede65606529a0', 'Funcionário25', 'Rua dos Funcionarios', 'funcionario', 'usuario');
INSERT INTO `usuario` (`matricula`, `nickname`, `senha_hash`, `nome`, `endereco`, `tipo`, `permissao`) VALUES (300326, NULL, '9af15b336e6a9619928537df30b2e6a2376569fcf9d7e773eccede65606529a0', 'Funcionário26', 'Rua Nova dos Funcionarios', 'funcionario', 'usuario');
INSERT INTO `usuario` (`matricula`, `nickname`, `senha_hash`, `nome`, `endereco`, `tipo`, `permissao`) VALUES (300327, NULL, '9af15b336e6a9619928537df30b2e6a2376569fcf9d7e773eccede65606529a0', 'Funcionário27', 'Av. dos Funcionairos', 'funcionario', 'bibliotecario');
INSERT INTO `usuario` (`matricula`, `nickname`, `senha_hash`, `nome`, `endereco`, `tipo`, `permissao`) VALUES (300328, NULL, '9af15b336e6a9619928537df30b2e6a2376569fcf9d7e773eccede65606529a0', 'Funcionário28', 'Rua dos Funcionarios', 'funcionario', 'usuario');
INSERT INTO `usuario` (`matricula`, `nickname`, `senha_hash`, `nome`, `endereco`, `tipo`, `permissao`) VALUES (300329, NULL, '9af15b336e6a9619928537df30b2e6a2376569fcf9d7e773eccede65606529a0', 'Funcionário29', 'Rua Nova dos Funcionarios', 'funcionario', 'usuario');
INSERT INTO `usuario` (`matricula`, `nickname`, `senha_hash`, `nome`, `endereco`, `tipo`, `permissao`) VALUES (300330, NULL, '9af15b336e6a9619928537df30b2e6a2376569fcf9d7e773eccede65606529a0', 'Funcionário30', 'Av. dos Funcionairos', 'funcionario', 'bibliotecario');

COMMIT;


-- -----------------------------------------------------
-- Data for table `curso`
-- -----------------------------------------------------
START TRANSACTION;
USE `equipe385145`;
INSERT INTO `curso` (`cod_curso`, `nome_curso`) VALUES (001, 'Engenharia da computação');
INSERT INTO `curso` (`cod_curso`, `nome_curso`) VALUES (002, 'Engenharia elétrica');
INSERT INTO `curso` (`cod_curso`, `nome_curso`) VALUES (003, 'Psicologia');
INSERT INTO `curso` (`cod_curso`, `nome_curso`) VALUES (004, 'Finanças');
INSERT INTO `curso` (`cod_curso`, `nome_curso`) VALUES (005, 'Economia');
INSERT INTO `curso` (`cod_curso`, `nome_curso`) VALUES (006, 'Medicina');
INSERT INTO `curso` (`cod_curso`, `nome_curso`) VALUES (007, 'Ciências da Computação');
INSERT INTO `curso` (`cod_curso`, `nome_curso`) VALUES (008, 'Engenharia Civil');
INSERT INTO `curso` (`cod_curso`, `nome_curso`) VALUES (009, 'Física');
INSERT INTO `curso` (`cod_curso`, `nome_curso`) VALUES (010, 'Química');
INSERT INTO `curso` (`cod_curso`, `nome_curso`) VALUES (011, 'Biologia');
INSERT INTO `curso` (`cod_curso`, `nome_curso`) VALUES (012, 'Geografia');
INSERT INTO `curso` (`cod_curso`, `nome_curso`) VALUES (013, 'História');
INSERT INTO `curso` (`cod_curso`, `nome_curso`) VALUES (014, 'Matemática');
INSERT INTO `curso` (`cod_curso`, `nome_curso`) VALUES (015, 'Português');
INSERT INTO `curso` (`cod_curso`, `nome_curso`) VALUES (016, 'Filosofia');
INSERT INTO `curso` (`cod_curso`, `nome_curso`) VALUES (016, 'Sociologia');
INSERT INTO `curso` (`cod_curso`, `nome_curso`) VALUES (017, 'Gatronomia');
INSERT INTO `curso` (`cod_curso`, `nome_curso`) VALUES (018, 'Direito');
INSERT INTO `curso` (`cod_curso`, `nome_curso`) VALUES (019, 'Enfermagem');
INSERT INTO `curso` (`cod_curso`, `nome_curso`) VALUES (020, 'Farmárcia');
INSERT INTO `curso` (`cod_curso`, `nome_curso`) VALUES (021, 'Medicina Veterinária');

COMMIT;


-- -----------------------------------------------------
-- Data for table `aluno`
-- -----------------------------------------------------
START TRANSACTION;
USE `equipe385145`;
INSERT INTO `aluno` (`matricula`, `data_de_conclusao_prevista`, `data_de_ingresso`, `cod_curso`) VALUES (389118, '2021-01-01', '2016-07-01', 001);
INSERT INTO `aluno` (`matricula`, `data_de_conclusao_prevista`, `data_de_ingresso`, `cod_curso`) VALUES (385145, '2021-01-01', '2016-08-02', 001);
INSERT INTO `aluno` (`matricula`, `data_de_conclusao_prevista`, `data_de_ingresso`, `cod_curso`) VALUES (394192, '2021-01-01', '2016-08-16', 001);
INSERT INTO `aluno` (`matricula`, `data_de_conclusao_prevista`, `data_de_ingresso`, `cod_curso`) VALUES (389001, '2020-01-01', '2015-05-04', 002);
INSERT INTO `aluno` (`matricula`, `data_de_conclusao_prevista`, `data_de_ingresso`, `cod_curso`) VALUES (389002, '2019-01-01', '2016-08-01', 010);
INSERT INTO `aluno` (`matricula`, `data_de_conclusao_prevista`, `data_de_ingresso`, `cod_curso`) VALUES (389003, '2024-01-01', '2019-12-12', 008);
INSERT INTO `aluno` (`matricula`, `data_de_conclusao_prevista`, `data_de_ingresso`, `cod_curso`) VALUES (389004, '2024-01-01', '2020-10-01', 010);
INSERT INTO `aluno` (`matricula`, `data_de_conclusao_prevista`, `data_de_ingresso`, `cod_curso`) VALUES (389005, '2019-01-01', '2016-02-02', 011);
INSERT INTO `aluno` (`matricula`, `data_de_conclusao_prevista`, `data_de_ingresso`, `cod_curso`) VALUES (389006, '2019-01-01', '2016-06-06', 012);
INSERT INTO `aluno` (`matricula`, `data_de_conclusao_prevista`, `data_de_ingresso`, `cod_curso`) VALUES (389007, '2040-01-01', '2016-01-01', 009);
INSERT INTO `aluno` (`matricula`, `data_de_conclusao_prevista`, `data_de_ingresso`, `cod_curso`) VALUES (389008, '2021-01-01', '2016-01-01', 009);
INSERT INTO `aluno` (`matricula`, `data_de_conclusao_prevista`, `data_de_ingresso`, `cod_curso`) VALUES (389010, '2021-01-01', '2015-01-01', 010);
INSERT INTO `aluno` (`matricula`, `data_de_conclusao_prevista`, `data_de_ingresso`, `cod_curso`) VALUES (389011, '2021-01-01', '2015-01-01', 012);

COMMIT;


-- -----------------------------------------------------
-- Data for table `professor`
-- -----------------------------------------------------
START TRANSACTION;
USE `equipe385145`;
INSERT INTO `professor` (`mat_siape`, `data_de_contratacao`, `regime_trabalho`, `cod_curso`) VALUES (400532, '2005-10-10', 'DE', 001);
INSERT INTO `professor` (`mat_siape`, `data_de_contratacao`, `regime_trabalho`, `cod_curso`) VALUES (400500, '2007-10-15', '40H', 002);
INSERT INTO `professor` (`mat_siape`, `data_de_contratacao`, `regime_trabalho`, `cod_curso`) VALUES (400533, '2006-08-15', '20H', 003);
INSERT INTO `professor` (`mat_siape`, `data_de_contratacao`, `regime_trabalho`, `cod_curso`) VALUES (400501, '2006-08-14', 'DE', 004);
INSERT INTO `professor` (`mat_siape`, `data_de_contratacao`, `regime_trabalho`, `cod_curso`) VALUES (400502, '2006-08-13', '40H', 005);
INSERT INTO `professor` (`mat_siape`, `data_de_contratacao`, `regime_trabalho`, `cod_curso`) VALUES (400503, '2006-08-12', '20H', 006);
INSERT INTO `professor` (`mat_siape`, `data_de_contratacao`, `regime_trabalho`, `cod_curso`) VALUES (400504, '2006-08-12', 'DE', 007);
INSERT INTO `professor` (`mat_siape`, `data_de_contratacao`, `regime_trabalho`, `cod_curso`) VALUES (400505, '2006-08-11', '40H', 008);
INSERT INTO `professor` (`mat_siape`, `data_de_contratacao`, `regime_trabalho`, `cod_curso`) VALUES (400506, '2006-08-10', '20H', 009);
INSERT INTO `professor` (`mat_siape`, `data_de_contratacao`, `regime_trabalho`, `cod_curso`) VALUES (400507, '2006-08-09', 'DE', 010);
INSERT INTO `professor` (`mat_siape`, `data_de_contratacao`, `regime_trabalho`, `cod_curso`) VALUES (400508, '2006-08-08', '40H', 011);
INSERT INTO `professor` (`mat_siape`, `data_de_contratacao`, `regime_trabalho`, `cod_curso`) VALUES (400509, '2006-08-07', '20H', 012);
INSERT INTO `professor` (`mat_siape`, `data_de_contratacao`, `regime_trabalho`, `cod_curso`) VALUES (400510, '2006-08-06', 'DE', 013);
INSERT INTO `professor` (`mat_siape`, `data_de_contratacao`, `regime_trabalho`, `cod_curso`) VALUES (400511, '2006-08-05', '40H', 014);
INSERT INTO `professor` (`mat_siape`, `data_de_contratacao`, `regime_trabalho`, `cod_curso`) VALUES (400512, '2006-08-06', '20H', 015);
INSERT INTO `professor` (`mat_siape`, `data_de_contratacao`, `regime_trabalho`, `cod_curso`) VALUES (400513, '2006-08-05', 'DE', 016);
INSERT INTO `professor` (`mat_siape`, `data_de_contratacao`, `regime_trabalho`, `cod_curso`) VALUES (400514, '2006-08-04', '40H', 017);
INSERT INTO `professor` (`mat_siape`, `data_de_contratacao`, `regime_trabalho`, `cod_curso`) VALUES (400515, '2006-08-03', '20H', 018);
INSERT INTO `professor` (`mat_siape`, `data_de_contratacao`, `regime_trabalho`, `cod_curso`) VALUES (400516, '2006-08-02', 'DE', 019);
INSERT INTO `professor` (`mat_siape`, `data_de_contratacao`, `regime_trabalho`, `cod_curso`) VALUES (400517, '2006-08-01', '40H', 020);
INSERT INTO `professor` (`mat_siape`, `data_de_contratacao`, `regime_trabalho`, `cod_curso`) VALUES (400518, '2006-07-21', '20H', 021);
INSERT INTO `professor` (`mat_siape`, `data_de_contratacao`, `regime_trabalho`, `cod_curso`) VALUES (400519, '2006-07-20', 'DE', 001);
INSERT INTO `professor` (`mat_siape`, `data_de_contratacao`, `regime_trabalho`, `cod_curso`) VALUES (400520, '2006-07-19', '40H', 002);
INSERT INTO `professor` (`mat_siape`, `data_de_contratacao`, `regime_trabalho`, `cod_curso`) VALUES (400521, '2006-07-18', '20H', 003);
INSERT INTO `professor` (`mat_siape`, `data_de_contratacao`, `regime_trabalho`, `cod_curso`) VALUES (400522, '2006-07-17', 'DE', 004);
INSERT INTO `professor` (`mat_siape`, `data_de_contratacao`, `regime_trabalho`, `cod_curso`) VALUES (400523, '2006-07-16', '40H', 005);
INSERT INTO `professor` (`mat_siape`, `data_de_contratacao`, `regime_trabalho`, `cod_curso`) VALUES (400524, '2006-07-15', '20H', 006);
INSERT INTO `professor` (`mat_siape`, `data_de_contratacao`, `regime_trabalho`, `cod_curso`) VALUES (400525, '2006-07-14', 'DE', 007);
INSERT INTO `professor` (`mat_siape`, `data_de_contratacao`, `regime_trabalho`, `cod_curso`) VALUES (400526, '2006-07-13', '40H', 008);
INSERT INTO `professor` (`mat_siape`, `data_de_contratacao`, `regime_trabalho`, `cod_curso`) VALUES (400527, '2008-07-12', '20H', 009);
INSERT INTO `professor` (`mat_siape`, `data_de_contratacao`, `regime_trabalho`, `cod_curso`) VALUES (400528, '2008-07-11', 'DE', 010);
INSERT INTO `professor` (`mat_siape`, `data_de_contratacao`, `regime_trabalho`, `cod_curso`) VALUES (400529, '2008-07-10', '40H', 011);
INSERT INTO `professor` (`mat_siape`, `data_de_contratacao`, `regime_trabalho`, `cod_curso`) VALUES (400530, '2008-07-09', '20H', 012);
INSERT INTO `professor` (`mat_siape`, `data_de_contratacao`, `regime_trabalho`, `cod_curso`) VALUES (400531, '2009-07-08', 'DE', 013);

COMMIT;


-- -----------------------------------------------------
-- Data for table `funcionario`
-- -----------------------------------------------------
START TRANSACTION;
USE `equipe385145`;
INSERT INTO `funcionario` (`matricula`) VALUES (300300);
INSERT INTO `funcionario` (`matricula`) VALUES (300301);
INSERT INTO `funcionario` (`matricula`) VALUES (300302);
INSERT INTO `funcionario` (`matricula`) VALUES (300303);
INSERT INTO `funcionario` (`matricula`) VALUES (300304);
INSERT INTO `funcionario` (`matricula`) VALUES (300305);
INSERT INTO `funcionario` (`matricula`) VALUES (300306);
INSERT INTO `funcionario` (`matricula`) VALUES (300307);
INSERT INTO `funcionario` (`matricula`) VALUES (300308);
INSERT INTO `funcionario` (`matricula`) VALUES (300309);
INSERT INTO `funcionario` (`matricula`) VALUES (300310);
INSERT INTO `funcionario` (`matricula`) VALUES (300311);
INSERT INTO `funcionario` (`matricula`) VALUES (300312);
INSERT INTO `funcionario` (`matricula`) VALUES (300313);
INSERT INTO `funcionario` (`matricula`) VALUES (300314);
INSERT INTO `funcionario` (`matricula`) VALUES (300315);
INSERT INTO `funcionario` (`matricula`) VALUES (300316);
INSERT INTO `funcionario` (`matricula`) VALUES (300317);
INSERT INTO `funcionario` (`matricula`) VALUES (300318);
INSERT INTO `funcionario` (`matricula`) VALUES (300319);
INSERT INTO `funcionario` (`matricula`) VALUES (300320);
INSERT INTO `funcionario` (`matricula`) VALUES (300321);
INSERT INTO `funcionario` (`matricula`) VALUES (300322);
INSERT INTO `funcionario` (`matricula`) VALUES (300323);
INSERT INTO `funcionario` (`matricula`) VALUES (300324);
INSERT INTO `funcionario` (`matricula`) VALUES (300325);
INSERT INTO `funcionario` (`matricula`) VALUES (300326);
INSERT INTO `funcionario` (`matricula`) VALUES (300327);
INSERT INTO `funcionario` (`matricula`) VALUES (300328);
INSERT INTO `funcionario` (`matricula`) VALUES (300329);
INSERT INTO `funcionario` (`matricula`) VALUES (300330);

COMMIT;


-- -----------------------------------------------------
-- Data for table `telefones`
-- -----------------------------------------------------
START TRANSACTION;
USE `equipe385145`;
INSERT INTO `telefones` (`matricula`, `numero`) VALUES (394192, '88997502674');
INSERT INTO `telefones` (`matricula`, `numero`) VALUES (385145, '88997502675');
INSERT INTO `telefones` (`matricula`, `numero`) VALUES (389118, '88997502676');
INSERT INTO `telefones` (`matricula`, `numero`) VALUES (389001, '88997502677');
INSERT INTO `telefones` (`matricula`, `numero`) VALUES (389002, '88997502678');
INSERT INTO `telefones` (`matricula`, `numero`) VALUES (389003, '88997502679');
INSERT INTO `telefones` (`matricula`, `numero`) VALUES (389004, '88997502680');
INSERT INTO `telefones` (`matricula`, `numero`) VALUES (389005, '88997502681');
INSERT INTO `telefones` (`matricula`, `numero`) VALUES (389006, '88997502682');
INSERT INTO `telefones` (`matricula`, `numero`) VALUES (389003, '88997502683');
INSERT INTO `telefones` (`matricula`, `numero`) VALUES (389004, '88997502684');
INSERT INTO `telefones` (`matricula`, `numero`) VALUES (389005, '88997502685');
INSERT INTO `telefones` (`matricula`, `numero`) VALUES (389006, '88997502686');
INSERT INTO `telefones` (`matricula`, `numero`) VALUES (389007, '88997502687');
INSERT INTO `telefones` (`matricula`, `numero`) VALUES (389008, '88997502688');
INSERT INTO `telefones` (`matricula`, `numero`) VALUES (389009, '88997502689');
INSERT INTO `telefones` (`matricula`, `numero`) VALUES (389010, '88997502690');
INSERT INTO `telefones` (`matricula`, `numero`) VALUES (389011, '88997502691');
INSERT INTO `telefones` (`matricula`, `numero`) VALUES (400500, '88997502692');
INSERT INTO `telefones` (`matricula`, `numero`) VALUES (400501, '88997502693');
INSERT INTO `telefones` (`matricula`, `numero`) VALUES (400502, '88997502694');
INSERT INTO `telefones` (`matricula`, `numero`) VALUES (400503, '88997502695');
INSERT INTO `telefones` (`matricula`, `numero`) VALUES (400504, '88997502696');
INSERT INTO `telefones` (`matricula`, `numero`) VALUES (400505, '88997502697');
INSERT INTO `telefones` (`matricula`, `numero`) VALUES (400506, '88997502698');
INSERT INTO `telefones` (`matricula`, `numero`) VALUES (400507, '88997502699');
INSERT INTO `telefones` (`matricula`, `numero`) VALUES (400508, '88997502700');
INSERT INTO `telefones` (`matricula`, `numero`) VALUES (400509, '88997502701');
INSERT INTO `telefones` (`matricula`, `numero`) VALUES (400510, '88997502702');
INSERT INTO `telefones` (`matricula`, `numero`) VALUES (400511, '88997502703');
INSERT INTO `telefones` (`matricula`, `numero`) VALUES (400512, '88997502704');
INSERT INTO `telefones` (`matricula`, `numero`) VALUES (400513, '88997202705');
INSERT INTO `telefones` (`matricula`, `numero`) VALUES (400514, '88997502706');
INSERT INTO `telefones` (`matricula`, `numero`) VALUES (400515, '88997502707');
INSERT INTO `telefones` (`matricula`, `numero`) VALUES (400516, '88997502708');
INSERT INTO `telefones` (`matricula`, `numero`) VALUES (400517, '88997502709');
INSERT INTO `telefones` (`matricula`, `numero`) VALUES (400518, '88997502710');
INSERT INTO `telefones` (`matricula`, `numero`) VALUES (400519, '88997502711');
INSERT INTO `telefones` (`matricula`, `numero`) VALUES (400520, '88997502712');
INSERT INTO `telefones` (`matricula`, `numero`) VALUES (400521, '88997502713');
INSERT INTO `telefones` (`matricula`, `numero`) VALUES (400522, '88997502714');
INSERT INTO `telefones` (`matricula`, `numero`) VALUES (400523, '88997502715');
INSERT INTO `telefones` (`matricula`, `numero`) VALUES (400524, '88997502716');
INSERT INTO `telefones` (`matricula`, `numero`) VALUES (400525, '88997502717');
INSERT INTO `telefones` (`matricula`, `numero`) VALUES (400526, '88997502718');
INSERT INTO `telefones` (`matricula`, `numero`) VALUES (400527, '88997502719');
INSERT INTO `telefones` (`matricula`, `numero`) VALUES (400528, '88997502720');
INSERT INTO `telefones` (`matricula`, `numero`) VALUES (400529, '88997502721');
INSERT INTO `telefones` (`matricula`, `numero`) VALUES (400530, '88997502722');
INSERT INTO `telefones` (`matricula`, `numero`) VALUES (400531, '88997502723');
INSERT INTO `telefones` (`matricula`, `numero`) VALUES (400532, '88997502724');
INSERT INTO `telefones` (`matricula`, `numero`) VALUES (400533, '88997502725');
INSERT INTO `telefones` (`matricula`, `numero`) VALUES (300300, '88997502726');
INSERT INTO `telefones` (`matricula`, `numero`) VALUES (300301, '88997502727');
INSERT INTO `telefones` (`matricula`, `numero`) VALUES (300302, '88997502728');
INSERT INTO `telefones` (`matricula`, `numero`) VALUES (300303, '88997502729');
INSERT INTO `telefones` (`matricula`, `numero`) VALUES (300304, '88997502730');
INSERT INTO `telefones` (`matricula`, `numero`) VALUES (300305, '88997502731');
INSERT INTO `telefones` (`matricula`, `numero`) VALUES (300306, '88997502732');
INSERT INTO `telefones` (`matricula`, `numero`) VALUES (300307, '88997502733');
INSERT INTO `telefones` (`matricula`, `numero`) VALUES (300308, '88997502734');
INSERT INTO `telefones` (`matricula`, `numero`) VALUES (300309, '88997502735');
INSERT INTO `telefones` (`matricula`, `numero`) VALUES (300310, '88997502736');
INSERT INTO `telefones` (`matricula`, `numero`) VALUES (300311, '88997502737');
INSERT INTO `telefones` (`matricula`, `numero`) VALUES (300312, '88997502738');
INSERT INTO `telefones` (`matricula`, `numero`) VALUES (300313, '88997502739');
INSERT INTO `telefones` (`matricula`, `numero`) VALUES (300314, '88997502740');
INSERT INTO `telefones` (`matricula`, `numero`) VALUES (300315, '88997502741');
INSERT INTO `telefones` (`matricula`, `numero`) VALUES (300316, '88997502742');
INSERT INTO `telefones` (`matricula`, `numero`) VALUES (300317, '88997502743');
INSERT INTO `telefones` (`matricula`, `numero`) VALUES (300318, '88997502744');
INSERT INTO `telefones` (`matricula`, `numero`) VALUES (300319, '88997502745');
INSERT INTO `telefones` (`matricula`, `numero`) VALUES (300320, '88997502746');
INSERT INTO `telefones` (`matricula`, `numero`) VALUES (300321, '88997502747');
INSERT INTO `telefones` (`matricula`, `numero`) VALUES (300322, '88997502748');
INSERT INTO `telefones` (`matricula`, `numero`) VALUES (300323, '88997502749');
INSERT INTO `telefones` (`matricula`, `numero`) VALUES (300324, '88997502750');
INSERT INTO `telefones` (`matricula`, `numero`) VALUES (300325, '88997502751');
INSERT INTO `telefones` (`matricula`, `numero`) VALUES (300326, '88997502752');
INSERT INTO `telefones` (`matricula`, `numero`) VALUES (300327, '88997502753');
INSERT INTO `telefones` (`matricula`, `numero`) VALUES (300328, '88997502754');
INSERT INTO `telefones` (`matricula`, `numero`) VALUES (300329, '88997502755');
INSERT INTO `telefones` (`matricula`, `numero`) VALUES (300330, '88997502756');

COMMIT;


-- -----------------------------------------------------
-- Data for table `categoria`
-- -----------------------------------------------------
START TRANSACTION;
USE `equipe385145`;
INSERT INTO `categoria` (`cod_categoria`, `descricao`) VALUES (01, 'Engenharia');
INSERT INTO `categoria` (`cod_categoria`, `descricao`) VALUES (02, 'Psicologia');
INSERT INTO `categoria` (`cod_categoria`, `descricao`) VALUES (03, 'Física');
INSERT INTO `categoria` (`cod_categoria`, `descricao`) VALUES (04, 'Matemática');
INSERT INTO `categoria` (`cod_categoria`, `descricao`) VALUES (05, 'Social');

COMMIT;


-- -----------------------------------------------------
-- Data for table `livro`
-- -----------------------------------------------------
START TRANSACTION;
USE `equipe385145`;
INSERT INTO `livro` (`isbn`, `titulo`, `ano`, `editora`, `qt_copias`, `cod_categoria`) VALUES ('9781234567890', 'manual SIGGA UFC', 2018, 'UFC-Sobral', 10, 02);
INSERT INTO `livro` (`isbn`, `titulo`, `ano`, `editora`, `qt_copias`, `cod_categoria`) VALUES ('9788529637410', 'Guia prático de sobrevivência na universidade', 1980, 'UFC-Central', 10, 01);
INSERT INTO `livro` (`isbn`, `titulo`, `ano`, `editora`, `qt_copias`, `cod_categoria`) VALUES ('9781234567800', 'Banco de dados', 2008, 'UFC-Quixadá', 10, 03);
INSERT INTO `livro` (`isbn`, `titulo`, `ano`, `editora`, `qt_copias`, `cod_categoria`) VALUES ('9781234567801', 'A Droga da obediência', 2007, 'Moderna', 8, 05);
INSERT INTO `livro` (`isbn`, `titulo`, `ano`, `editora`, `qt_copias`, `cod_categoria`) VALUES ('9781234567802', 'Pedagogia da Autonomia', 2006, 'Paz Terra', 9, 05);
INSERT INTO `livro` (`isbn`, `titulo`, `ano`, `editora`, `qt_copias`, `cod_categoria`) VALUES ('9781234567803', 'Admirável mundo novo', 2005, 'GlobodeBolso', 7, 05);
INSERT INTO `livro` (`isbn`, `titulo`, `ano`, `editora`, `qt_copias`, `cod_categoria`) VALUES ('9781234567804', 'Dom Quixote ', 2004, 'Scipione', 6, 05);
INSERT INTO `livro` (`isbn`, `titulo`, `ano`, `editora`, `qt_copias`, `cod_categoria`) VALUES ('9781234567805', 'A arte da guerra', 2003, 'Paz Terra', 3, 05);
INSERT INTO `livro` (`isbn`, `titulo`, `ano`, `editora`, `qt_copias`, `cod_categoria`) VALUES ('9781234567806', 'Comunicação não-violenta', 2002, 'Summus', 2, 05);
INSERT INTO `livro` (`isbn`, `titulo`, `ano`, `editora`, `qt_copias`, `cod_categoria`) VALUES ('9781234567807', 'O negro no mundo dos brancos ', 2001, 'Global Editora', 1, 05);
INSERT INTO `livro` (`isbn`, `titulo`, `ano`, `editora`, `qt_copias`, `cod_categoria`) VALUES ('9781234567808', 'Cultura em movimento', 2000, 'Selo Negro', 2, 05);
INSERT INTO `livro` (`isbn`, `titulo`, `ano`, `editora`, `qt_copias`, `cod_categoria`) VALUES ('9781234567809', 'O Poder do agora', 2000, 'Sextante', 8, 05);
INSERT INTO `livro` (`isbn`, `titulo`, `ano`, `editora`, `qt_copias`, `cod_categoria`) VALUES ('9781234567810', 'Inferno somo nós', 2001, '7 Mares', 5, 05);
INSERT INTO `livro` (`isbn`, `titulo`, `ano`, `editora`, `qt_copias`, `cod_categoria`) VALUES ('9781234567811', 'Rápido e devagar: Duas formas de Pensar', 2004, 'Objetiva', 8, 05);

COMMIT;


-- -----------------------------------------------------
-- Data for table `autor_livro`
-- -----------------------------------------------------
START TRANSACTION;
USE `equipe385145`;
INSERT INTO `autor_livro` (`autor_cpf`, `livro_isbn`) VALUES ('12345678980', '9788529637410');
INSERT INTO `autor_livro` (`autor_cpf`, `livro_isbn`) VALUES ('98765432199', '9781234567800');
INSERT INTO `autor_livro` (`autor_cpf`, `livro_isbn`) VALUES ('25896374180', '9781234567800');
INSERT INTO `autor_livro` (`autor_cpf`, `livro_isbn`) VALUES ('12341361697', '9781234567802');
INSERT INTO `autor_livro` (`autor_cpf`, `livro_isbn`) VALUES ('89746516516', '9781234567803');
INSERT INTO `autor_livro` (`autor_cpf`, `livro_isbn`) VALUES ('12341361697', '9781234567806');
INSERT INTO `autor_livro` (`autor_cpf`, `livro_isbn`) VALUES ('89746516516', '9781234567807');
INSERT INTO `autor_livro` (`autor_cpf`, `livro_isbn`) VALUES ('12442534313', '9781234567808');
INSERT INTO `autor_livro` (`autor_cpf`, `livro_isbn`) VALUES ('89746516516', '9781234567802');
INSERT INTO `autor_livro` (`autor_cpf`, `livro_isbn`) VALUES ('34934348354', '9781234567803');
INSERT INTO `autor_livro` (`autor_cpf`, `livro_isbn`) VALUES ('34934348354', '9781234567802');

COMMIT;


-- -----------------------------------------------------
-- Data for table `emprestimo`
-- -----------------------------------------------------
START TRANSACTION;
USE `equipe385145`;
INSERT INTO `emprestimo` (`matricula`, `isbn`, `data_de_emprestimo`, `data_de_devolucao`) VALUES (400500, '9788529637410', '2018-04-01', '2018-05-01');
INSERT INTO `emprestimo` (`matricula`, `isbn`, `data_de_emprestimo`, `data_de_devolucao`) VALUES (389118, '9788529637410', '2018-03-01', '2018-03-16');
INSERT INTO `emprestimo` (`matricula`, `isbn`, `data_de_emprestimo`, `data_de_devolucao`) VALUES (394192 , '9788529637410', '2000-01-01', '2000-01-16');
INSERT INTO `emprestimo` (`matricula`, `isbn`, `data_de_emprestimo`, `data_de_devolucao`) VALUES (400501, '9781234567802', '2018-08-01', '2018-08-16');
INSERT INTO `emprestimo` (`matricula`, `isbn`, `data_de_emprestimo`, `data_de_devolucao`) VALUES (400502, '9781234567803', '2018-11-01', '2018-11-16');
INSERT INTO `emprestimo` (`matricula`, `isbn`, `data_de_emprestimo`, `data_de_devolucao`) VALUES (400503, '9781234567804', '2018-11-02', '2018-11-17');
INSERT INTO `emprestimo` (`matricula`, `isbn`, `data_de_emprestimo`, `data_de_devolucao`) VALUES (300301, '9781234567805', '2018-11-03', '2018-11-18');
INSERT INTO `emprestimo` (`matricula`, `isbn`, `data_de_emprestimo`, `data_de_devolucao`) VALUES (300302, '9781234567806', '2018-11-04', '2018-11-19');

COMMIT;


-- -----------------------------------------------------
-- Data for table `reserva`
-- -----------------------------------------------------
START TRANSACTION;
USE `equipe385145`;
INSERT INTO `reserva` (`matricula`, `isbn`, `data_de_reserva`, `data_contemplado`) VALUES (389118, '9788529637410', '2018-01-10', '2018-01-25');
INSERT INTO `reserva` (`matricula`, `isbn`, `data_de_reserva`, `data_contemplado`) VALUES (394192 , '9788529637410', '2018-12-08', '2018-18-23');
INSERT INTO `reserva` (`matricula`, `isbn`, `data_de_reserva`, `data_contemplado`) VALUES (385145, '9788529637410', '2018-10-12', '2018-10-27');
INSERT INTO `reserva` (`matricula`, `isbn`, `data_de_reserva`, `data_contemplado`) VALUES (400500, '9781234567802', '2018-12-12', '2018-12-27');
INSERT INTO `reserva` (`matricula`, `isbn`, `data_de_reserva`, `data_contemplado`) VALUES (300300, '9781234567802', '2018-12-01', '2018-12-16');
INSERT INTO `reserva` (`matricula`, `isbn`, `data_de_reserva`, `data_contemplado`) VALUES (400501, '9781234567803', '2018-01-01', '2018-01-16');
INSERT INTO `reserva` (`matricula`, `isbn`, `data_de_reserva`, `data_contemplado`) VALUES (300301, '9781234567804', '2018-02-02', '2018-02-18');
INSERT INTO `reserva` (`matricula`, `isbn`, `data_de_reserva`, `data_contemplado`) VALUES (400502, '9781234567805', '2018-03-03', '2018-03-19');
INSERT INTO `reserva` (`matricula`, `isbn`, `data_de_reserva`, `data_contemplado`) VALUES (300302, '9781234567808', '2018-04-04', '2018-04-20');
INSERT INTO `reserva` (`matricula`, `isbn`, `data_de_reserva`, `data_contemplado`) VALUES (400503, '9781234567808', '2018-05-05', '2018-05-21');
INSERT INTO `reserva` (`matricula`, `isbn`, `data_de_reserva`, `data_contemplado`) VALUES (300303, '9781234567809', '2018-06-06', '2018-06-22');

COMMIT;

